Indicator,Predicted,Real,Relative Error (%),Source
Global warming,0.04124277,0.040975858,0.651389884,EC+MC
Global warming,0.039268886,0.03925883,0.025615375,EC+MC
Global warming,0.07706808,0.069555858,10.80027256,EC+MC
Global warming,0.252921807,0.284843185,11.20664964,EC+MC
Global warming,0.03925123,0.042458329,7.553522108,EC+MC
Global warming,0.04821461,0.046414521,3.878288155,EC+MC
Global warming,0.038478569,0.040069511,3.970455786,EC+MC
Global warming,0.06746251,0.073968753,8.795934411,EC+MC
Global warming,0.100013123,0.087127876,14.78889199,EC+MC
Global warming,0.049532154,0.05207075,4.875281369,EC+MC
Global warming,0.049368264,0.048552895,1.679341452,EC+MC
Global warming,0.032021721,0.032223221,0.625323151,EC+MC
Global warming,0.062600791,0.05888789,6.305032694,EC+MC
Global warming,0.058542596,0.049924015,17.26339673,EC+MC
Global warming,0.071636041,0.06611765,8.346320657,EC+MC
Global warming,0.058085612,0.058726065,1.090577636,EC+MC
Global warming,0.043733553,0.044762628,2.298961429,EC+MC
Global warming,0.073944287,0.068666684,7.685827568,EC+MC
Global warming,0.230891561,0.246620954,6.377962753,EC+MC
Global warming,0.066201867,0.059176264,11.8723328,EC+MC
Global warming,0.104265508,0.098651742,5.690488378,EC+MC
Global warming,0.275204276,0.305335941,9.868365025,EC+MC
Global warming,0.058011855,0.064524222,10.09290338,EC+MC
Global warming,0.057015846,0.061870681,7.846746535,EC+MC
Global warming,0.088555289,0.086436756,2.450963505,EC+MC
Global warming,0.20750408,0.20954408,0.973542178,EC+MC
Global warming,0.035488664,0.035439665,0.138258977,EC+MC
Fossil resource scarcity,0.015354924,0.015389464,0.224434457,EC+MC
Fossil resource scarcity,0.018763686,0.018758359,0.028400179,EC+MC
Fossil resource scarcity,0.024337422,0.023228921,4.772071496,EC+MC
Fossil resource scarcity,0.049306041,0.054240323,9.097072458,EC+MC
Fossil resource scarcity,0.018914086,0.019454901,2.779838469,EC+MC
Fossil resource scarcity,0.020112415,0.019828939,1.429605244,EC+MC
Fossil resource scarcity,0.016098984,0.016405399,1.867768189,EC+MC
Fossil resource scarcity,0.022556059,0.023344498,3.377406214,EC+MC
Fossil resource scarcity,0.023567778,0.021625236,8.98275636,EC+MC
Fossil resource scarcity,0.020092284,0.020363953,1.334063939,EC+MC
Fossil resource scarcity,0.016584083,0.01661645,0.194791346,EC+MC
Fossil resource scarcity,0.016257514,0.016351911,0.577284431,EC+MC
Fossil resource scarcity,0.021955366,0.021477247,2.226162922,EC+MC
Fossil resource scarcity,0.017311387,0.015825662,9.388071245,EC+MC
Fossil resource scarcity,0.019494376,0.018637461,4.5978128,EC+MC
Fossil resource scarcity,0.020007324,0.020052521,0.225393286,EC+MC
Fossil resource scarcity,0.019151393,0.019301692,0.778684379,EC+MC
Fossil resource scarcity,0.019698924,0.018894338,4.258348062,EC+MC
Fossil resource scarcity,0.044751538,0.047276907,5.341654239,EC+MC
Fossil resource scarcity,0.019080681,0.017832364,7.000288946,EC+MC
Fossil resource scarcity,0.024414996,0.023489399,3.940488456,EC+MC
Fossil resource scarcity,0.053741671,0.058286655,7.797640331,EC+MC
Fossil resource scarcity,0.021047671,0.022071532,4.638829546,EC+MC
Fossil resource scarcity,0.02083739,0.021581161,3.446393988,EC+MC
Fossil resource scarcity,0.022226163,0.021801941,1.945800272,EC+MC
Fossil resource scarcity,0.039737161,0.040158059,1.048102885,EC+MC
Fossil resource scarcity,0.018093313,0.01812472,0.173284925,EC+MC
"Ozone formation, Human health",7.64E-05,7.64E-05,0,EC+MC
"Ozone formation, Human health",8.86E-05,8.86E-05,0,EC+MC
"Ozone formation, Human health",1.24E-04,1.19E-04,4.228855721,EC+MC
"Ozone formation, Human health",0.000298394,0.000331923,10.10140684,EC+MC
"Ozone formation, Human health",8.92E-05,9.27E-05,3.833865815,EC+MC
"Ozone formation, Human health",9.72E-05,9.57E-05,1.547987616,EC+MC
"Ozone formation, Human health",7.79E-05,8.00E-05,2.592592593,EC+MC
"Ozone formation, Human health",1.16E-04,1.21E-04,4.87804878,EC+MC
"Ozone formation, Human health",1.34E-04,1.21E-04,10.81081081,EC+MC
"Ozone formation, Human health",9.84E-05,1.00E-04,2.064896755,EC+MC
"Ozone formation, Human health",8.47E-05,8.44E-05,0.350877193,EC+MC
"Ozone formation, Human health",7.59E-05,7.64E-05,0.775193798,EC+MC
"Ozone formation, Human health",1.12E-04,1.08E-04,3.856749311,EC+MC
"Ozone formation, Human health",9.16E-05,8.21E-05,11.55234657,EC+MC
"Ozone formation, Human health",1.07E-04,1.00E-04,6.50887574,EC+MC
"Ozone formation, Human health",1.02E-04,1.02E-04,0.289855072,EC+MC
"Ozone formation, Human health",9.19E-05,9.30E-05,1.27388535,EC+MC
"Ozone formation, Human health",1.08E-04,1.02E-04,5.507246377,EC+MC
"Ozone formation, Human health",2.72E-04,2.89E-04,5.749486653,EC+MC
"Ozone formation, Human health",1.03E-04,9.39E-05,9.148264984,EC+MC
"Ozone formation, Human health",1.38E-04,1.33E-04,4.241071429,EC+MC
"Ozone formation, Human health",0.000325719,0.00035635,8.595802707,EC+MC
"Ozone formation, Human health",1.06E-04,1.12E-04,5.80474934,EC+MC
"Ozone formation, Human health",1.05E-04,1.09E-04,4.33604336,EC+MC
"Ozone formation, Human health",1.24E-04,1.21E-04,2.696078431,EC+MC
"Ozone formation, Human health",2.43E-04,2.45E-04,0.967351874,EC+MC
"Ozone formation, Human health",8.44E-05,8.44E-05,0,EC+MC
Terrestrial acidification,1.02E-04,1.02E-04,0.29154519,EC+MC
Terrestrial acidification,1.05E-04,1.05E-04,0.283286119,EC+MC
Terrestrial acidification,1.82E-04,1.67E-04,8.880994671,EC+MC
Terrestrial acidification,0.00054192,0.00060808,10.88014735,EC+MC
Terrestrial acidification,1.05E-04,1.12E-04,6.100795756,EC+MC
Terrestrial acidification,1.24E-04,1.19E-04,3.970223325,EC+MC
Terrestrial acidification,9.84E-05,1.02E-04,3.206997085,EC+MC
Terrestrial acidification,1.62E-04,1.75E-04,7.614213198,EC+MC
Terrestrial acidification,2.21E-04,1.95E-04,13.35356601,EC+MC
Terrestrial acidification,1.25E-04,1.30E-04,3.863636364,EC+MC
Terrestrial acidification,1.19E-04,1.17E-04,1.01010101,EC+MC
Terrestrial acidification,8.71E-05,8.77E-05,0.675675676,EC+MC
Terrestrial acidification,1.54E-04,1.45E-04,6.352459016,EC+MC
Terrestrial acidification,1.36E-04,1.18E-04,15.28822055,EC+MC
Terrestrial acidification,1.64E-04,1.52E-04,7.587548638,EC+MC
Terrestrial acidification,1.41E-04,1.42E-04,0.627615063,EC+MC
Terrestrial acidification,1.13E-04,1.16E-04,2.564102564,EC+MC
Terrestrial acidification,1.69E-04,1.57E-04,7.344632768,EC+MC
Terrestrial acidification,0.000494382,0.000527067,6.201197403,EC+MC
Terrestrial acidification,1.53E-04,1.38E-04,10.70663812,EC+MC
Terrestrial acidification,2.31E-04,2.19E-04,5.540540541,EC+MC
Terrestrial acidification,0.00058995,0.000652095,9.530084241,EC+MC
Terrestrial acidification,1.43E-04,1.56E-04,8.365019011,EC+MC
Terrestrial acidification,1.40E-04,1.50E-04,6.706114398,EC+MC
Terrestrial acidification,2.00E-04,1.94E-04,2.743902439,EC+MC
Terrestrial acidification,0.000443396,0.000447807,0.985211897,EC+MC
Terrestrial acidification,9.66E-05,9.66E-05,0,EC+MC
